GPS Time, Device Time, Longitude, Latitude,GPS Speed (Meters/second), Horizontal Dilution of Precision, Altitude, Bearing, G(x), G(y), G(z), G(calibrated),
Thu Jun 07 19:37:36 MDT 2018,07-Jun-2018 19:37:36.109,-105.09939297,39.55940402,0.0,9.648001,1683.041748046875,0.0,-2.4957123,4.543976,8.784058,0.04605076,
Thu Jun 07 19:37:41 MDT 2018,07-Jun-2018 19:37:41.107,-105.09939497,39.55940433,0.0,9.648001,1683.0322265625,0.0,-1.799408,3.8404846,8.858231,0.03740893,
Thu Jun 07 19:37:46 MDT 2018,07-Jun-2018 19:37:46.107,-105.09939607,39.55940439,0.0,9.648001,1683.056640625,0.0,-1.4644012,3.270996,9.016159,0.039900877,
Thu Jun 07 19:37:51 MDT 2018,07-Jun-2018 19:37:51.105,-105.0993942,39.55940429,0.0,9.648001,1683.298828125,0.0,-3.0460663,2.3018951,10.255646,0.13452345,
Thu Jun 07 19:37:56 MDT 2018,07-Jun-2018 19:37:56.108,-105.09939598,39.55940456,0.0,3.216,1683.30859375,0.0,-0.47138977,-2.634491,9.698105,0.044546902,
Thu Jun 07 19:38:01 MDT 2018,07-Jun-2018 19:38:01.108,-105.09939719,39.55940471,0.0,3.216,1683.3505859375,0.0,-0.48335266,-3.1058807,9.717255,0.048587292,
Thu Jun 07 19:38:06 MDT 2018,07-Jun-2018 19:38:06.108,-105.09941638,39.55942066,0.24,3.216,1686.64208984375,319.7,-1.0935211,-1.2993011,9.918243,0.054553013,
Thu Jun 07 19:38:11 MDT 2018,07-Jun-2018 19:38:11.111,-105.09931145,39.55934179,4.02,3.216,1688.1689453125,141.5,-0.36610413,-2.1176453,9.894318,0.045568272,
Thu Jun 07 19:38:16 MDT 2018,07-Jun-2018 19:38:16.108,-105.09907909,39.55917134,6.43,3.216,1690.70703125,118.8,0.059814453,-1.7156525,9.896713,0.051248208,
Thu Jun 07 19:38:21 MDT 2018,07-Jun-2018 19:38:21.109,-105.09866667,39.559057,8.87,3.216,1690.3115234375,104.0,-0.9882355,-2.3569336,9.820145,0.053379714,
Thu Jun 07 19:38:26 MDT 2018,07-Jun-2018 19:38:26.110,-105.09810619,39.55905553,10.26,3.216,1689.34619140625,82.2,-0.3014984,-2.7589264,9.982849,0.052887976,
Thu Jun 07 19:38:31 MDT 2018,07-Jun-2018 19:38:31.109,-105.09755682,39.55918304,9.77,3.216,1688.3203125,74.0,0.2368927,-2.8737793,9.243469,0.040466465,
Thu Jun 07 19:38:36 MDT 2018,07-Jun-2018 19:38:36.109,-105.09705226,39.55929046,8.69,3.216,1686.070068359375,76.3,0.65802,-2.7804565,10.004395,0.06476817,
Thu Jun 07 19:38:41 MDT 2018,07-Jun-2018 19:38:41.107,-105.09655815,39.55933425,8.76,5.36,1685.237548828125,85.4,1.1724854,-2.8283234,10.069,0.09180373,
Thu Jun 07 19:38:46 MDT 2018,07-Jun-2018 19:38:46.111,-105.09615891,39.55911817,8.82,6.432,1685.3994140625,130.1,-1.3088684,-2.3449707,9.9015045,0.06479305,
Thu Jun 07 19:38:51 MDT 2018,07-Jun-2018 19:38:51.107,-105.09569014,39.55895775,8.36,4.288,1684.47509765625,100.7,-1.8305054,-2.7637177,9.480362,0.042773068,
Thu Jun 07 19:38:56 MDT 2018,07-Jun-2018 19:38:56.106,-105.09518879,39.55914803,10.13,6.432,1682.888671875,60.2,0.13160706,-3.0604248,9.805786,0.04327733,
Thu Jun 07 19:39:01 MDT 2018,07-Jun-2018 19:39:01.109,-105.09471116,39.55938595,9.1,5.36,1680.996337890625,55.2,-0.107681274,-2.3688965,10.00679,0.042368762,
Thu Jun 07 19:39:06 MDT 2018,07-Jun-2018 19:39:06.108,-105.09427617,39.55966855,9.88,3.216,1679.49609375,41.9,0.2536316,-2.892929,9.5234375,0.045469686,
Thu Jun 07 19:39:11 MDT 2018,07-Jun-2018 19:39:11.107,-105.09385032,39.5599003,8.87,3.216,1678.453125,70.8,0.77049255,-2.3066864,9.877579,0.043991435,
Thu Jun 07 19:39:16 MDT 2018,07-Jun-2018 19:39:16.108,-105.09330719,39.55992951,8.51,3.216,1679.59814453125,87.9,1.7706909,-2.8833466,9.530609,0.04993099,
Thu Jun 07 19:39:21 MDT 2018,07-Jun-2018 19:39:21.108,-105.09295111,39.55978058,7.41,3.216,1679.7880859375,145.6,1.6366882,-1.6079712,9.731613,0.06710496,
Thu Jun 07 19:39:26 MDT 2018,07-Jun-2018 19:39:26.106,-105.09288118,39.55939124,9.76,3.216,1676.0732421875,176.6,-1.5218353,-3.139389,9.410965,0.058800876,
Thu Jun 07 19:39:31 MDT 2018,07-Jun-2018 19:39:31.108,-105.09264332,39.55908685,7.59,4.288,1677.432373046875,127.8,-1.071991,-3.7567291,8.987442,0.017961323,
Thu Jun 07 19:39:36 MDT 2018,07-Jun-2018 19:39:36.107,-105.09236111,39.55904774,2.45,4.288,1680.89501953125,103.8,2.100891,-1.4955139,9.750748,0.026500778,
Thu Jun 07 19:39:41 MDT 2018,07-Jun-2018 19:39:41.108,-105.09231537,39.55882968,6.66,5.36,1680.748046875,182.1,0.4019928,-2.445465,9.403793,0.054694455,
Thu Jun 07 19:39:46 MDT 2018,07-Jun-2018 19:39:46.108,-105.09229572,39.55834279,9.36,3.216,1676.98486328125,179.9,1.6175537,-3.6011963,9.954147,0.11058146,
Thu Jun 07 19:39:51 MDT 2018,07-Jun-2018 19:39:51.108,-105.09252999,39.55812603,7.49,4.288,1676.48583984375,251.0,-0.18902588,-0.52163696,10.248459,0.05582023,
Thu Jun 07 19:39:56 MDT 2018,07-Jun-2018 19:39:56.106,-105.09331981,39.55810771,14.45,5.36,1674.2939453125,268.9,-0.27038574,-1.5146637,9.743576,0.049813487,
Thu Jun 07 19:40:01 MDT 2018,07-Jun-2018 19:40:01.108,-105.09428704,39.55812706,17.19,4.288,1677.302734375,269.3,0.15553284,-2.3617096,9.693329,0.044500206,
Thu Jun 07 19:40:06 MDT 2018,07-Jun-2018 19:40:06.107,-105.09527643,39.55813343,17.12,5.36,1680.0703125,269.6,0.110076904,-2.074585,9.784256,0.05456136,
Thu Jun 07 19:40:11 MDT 2018,07-Jun-2018 19:40:11.108,-105.09628561,39.55809626,17.27,4.288,1682.23095703125,269.3,0.27757263,-1.8807526,8.554337,0.023366382,
Thu Jun 07 19:40:16 MDT 2018,07-Jun-2018 19:40:16.108,-105.09727445,39.5581227,16.88,5.36,1685.5810546875,268.8,0.2536316,-2.2205353,9.133408,0.025137434,
Thu Jun 07 19:40:21 MDT 2018,07-Jun-2018 19:40:21.106,-105.09824606,39.55812732,16.69,4.288,1688.14990234375,269.0,0.057434082,-2.2755737,9.894318,0.053942382,
Thu Jun 07 19:40:26 MDT 2018,07-Jun-2018 19:40:26.106,-105.09915561,39.55812823,14.93,3.216,1688.35009765625,272.0,2.8666077,-1.7826538,9.286545,0.063141525,
Thu Jun 07 19:40:31 MDT 2018,07-Jun-2018 19:40:31.107,-105.09999192,39.55839959,16.34,3.216,1692.0146484375,297.2,0.8757782,-2.2372894,9.767502,0.07327685,
Thu Jun 07 19:40:36 MDT 2018,07-Jun-2018 19:40:36.109,-105.10072727,39.55889018,16.82,3.216,1694.21630859375,318.2,1.1605225,-2.3282166,9.702896,0.04301387,
Thu Jun 07 19:40:41 MDT 2018,07-Jun-2018 19:40:41.108,-105.10122207,39.55955286,17.21,3.216,1692.444580078125,338.5,1.2945099,-2.1966095,10.02832,0.041707385,
Thu Jun 07 19:40:46 MDT 2018,07-Jun-2018 19:40:46.107,-105.1013586,39.56030567,16.76,3.216,1690.34765625,358.8,-0.1986084,-2.9599152,9.609573,0.04668557,
Thu Jun 07 19:40:51 MDT 2018,07-Jun-2018 19:40:51.107,-105.10137904,39.56102946,15.89,3.216,1692.4140625,358.6,-0.057434082,-2.5363922,10.29631,0.09996551,
Thu Jun 07 19:40:56 MDT 2018,07-Jun-2018 19:40:56.108,-105.10139746,39.56174876,15.79,3.216,1694.825927734375,359.4,0.15792847,-1.9453583,9.76033,0.07539868,
Thu Jun 07 19:41:01 MDT 2018,07-Jun-2018 19:41:01.110,-105.10143196,39.56245671,16.08,3.216,1694.86669921875,358.5,0.279953,-2.6679993,9.3511505,0.0106758475,
Thu Jun 07 19:41:06 MDT 2018,07-Jun-2018 19:41:06.109,-105.1014555,39.56313631,15.34,4.288,1695.56982421875,357.0,0.30389404,-2.8498535,10.183853,0.055458788,
Thu Jun 07 19:41:11 MDT 2018,07-Jun-2018 19:41:11.108,-105.10148816,39.56379221,13.88,3.216,1696.19482421875,357.9,0.7154541,-2.4478607,9.76033,0.0660131,
Thu Jun 07 19:41:16 MDT 2018,07-Jun-2018 19:41:16.108,-105.10149657,39.56431799,8.58,3.216,1697.45849609375,358.8,-3.007782,-3.3068848,9.686142,0.10644907,
Thu Jun 07 19:41:21 MDT 2018,07-Jun-2018 19:41:21.107,-105.10180639,39.56447439,8.4,3.216,1697.1025390625,270.4,-0.059814453,-0.5001068,9.908676,0.038022786,
Thu Jun 07 19:41:26 MDT 2018,07-Jun-2018 19:41:26.108,-105.10253456,39.56442433,13.69,3.216,1696.34912109375,262.8,0.18664551,-1.6007996,9.956543,0.047148407,
Thu Jun 07 19:41:31 MDT 2018,07-Jun-2018 19:41:31.107,-105.10342141,39.5643259,15.76,3.216,1697.380126953125,261.8,-0.011962891,-2.3808594,10.72702,0.06865763,
Thu Jun 07 19:41:36 MDT 2018,07-Jun-2018 19:41:36.108,-105.10435122,39.56423812,16.15,3.216,1699.95556640625,262.8,0.5312042,-2.457428,10.344177,0.10415119,
Thu Jun 07 19:41:41 MDT 2018,07-Jun-2018 19:41:41.108,-105.10527694,39.56420573,15.9,4.288,1702.52880859375,270.5,1.2012024,-1.7682953,9.080765,0.0071624485,
Thu Jun 07 19:41:46 MDT 2018,07-Jun-2018 19:41:46.108,-105.10618108,39.56430491,15.17,3.216,1705.035888671875,280.7,0.899704,-2.8546448,8.709869,0.0031333342,
Thu Jun 07 19:41:51 MDT 2018,07-Jun-2018 19:41:51.107,-105.10688709,39.564418,12.09,4.288,1708.97314453125,282.6,0.28234863,-3.7854462,9.348755,0.04754454,
Thu Jun 07 19:41:56 MDT 2018,07-Jun-2018 19:41:56.106,-105.10728771,39.56452182,2.82,4.288,1706.54345703125,283.7,0.41635132,-3.1872406,9.571289,0.050089832,
Thu Jun 07 19:42:01 MDT 2018,07-Jun-2018 19:42:01.108,-105.10731246,39.56450795,0.29,3.216,1704.9794921875,288.2,-0.117248535,-0.34457397,10.059433,0.06745601,
Thu Jun 07 19:42:06 MDT 2018,07-Jun-2018 19:42:06.107,-105.10758548,39.56456918,6.93,3.216,1706.86962890625,286.3,0.825531,-0.74894714,10.155136,0.060398996,
Thu Jun 07 19:42:11 MDT 2018,07-Jun-2018 19:42:11.108,-105.10814722,39.56477039,13.0,3.216,1704.857421875,298.5,-0.071777344,-2.141571,10.018753,0.046564672,
Thu Jun 07 19:42:16 MDT 2018,07-Jun-2018 19:42:16.108,-105.1088379,39.564944,12.46,3.216,1706.2412109375,276.4,0.107681274,-2.8570251,9.860825,0.06557888,
Thu Jun 07 19:42:21 MDT 2018,07-Jun-2018 19:42:21.109,-105.10944427,39.56494867,7.88,3.216,1706.72705078125,271.7,1.1940155,-3.7184448,9.5354,0.06351872,
Thu Jun 07 19:42:26 MDT 2018,07-Jun-2018 19:42:26.114,-105.10962649,39.56495547,0.94,4.288,1708.068603515625,271.0,-0.8039856,-8.434708,5.2666016,0.03806607,
Thu Jun 07 19:42:31 MDT 2018,07-Jun-2018 19:42:31.107,-105.10962373,39.56496027,0.0,5.36,1710.51123046875,0.0,1.7970123,-8.946762,4.5511475,0.03984803,
Thu Jun 07 19:42:36 MDT 2018,07-Jun-2018 19:42:36.105,-105.10997713,39.56491139,7.82,3.216,1709.41357421875,242.7,1.3280182,-7.3363953,7.360321,0.08695835,
Thu Jun 07 19:42:41 MDT 2018,07-Jun-2018 19:42:41.106,-105.11015958,39.5644586,12.67,3.216,1710.68115234375,183.9,-0.1603241,-8.374878,5.367096,0.039909247,
Thu Jun 07 19:42:46 MDT 2018,07-Jun-2018 19:42:46.107,-105.11015341,39.56377595,16.58,3.216,1709.2021484375,180.0,0.65802,-8.635696,4.960327,0.04715619,
Thu Jun 07 19:42:51 MDT 2018,07-Jun-2018 19:42:51.108,-105.110174,39.56295845,18.72,3.216,1707.7236328125,182.2,-0.7848511,-8.441879,6.0753784,0.041659087,
Thu Jun 07 19:42:56 MDT 2018,07-Jun-2018 19:42:56.107,-105.11016879,39.56211841,17.79,3.216,1703.996826171875,180.1,-1.3997955,-8.315063,5.7667084,0.06397565,
Thu Jun 07 19:43:01 MDT 2018,07-Jun-2018 19:43:01.107,-105.11014522,39.56145675,12.64,3.216,1702.44287109375,179.4,-0.90448,-8.640488,4.8765717,0.038566124,
Thu Jun 07 19:43:06 MDT 2018,07-Jun-2018 19:43:06.107,-105.11034889,39.5609586,12.28,3.216,1703.654296875,218.8,-1.0791626,-10.552353,3.7878418,0.10646389,
Thu Jun 07 19:43:11 MDT 2018,07-Jun-2018 19:43:11.112,-105.11108478,39.5607944,15.0,3.216,1704.21337890625,261.4,0.98583984,-8.580658,5.1541443,0.044287384,
Thu Jun 07 19:43:16 MDT 2018,07-Jun-2018 19:43:16.107,-105.11211735,39.56068709,19.51,3.216,1705.8720703125,261.6,0.29193115,-7.881958,4.7521515,-0.0034628995,
Thu Jun 07 19:43:21 MDT 2018,07-Jun-2018 19:43:21.109,-105.11334367,39.56056963,21.76,3.216,1708.44580078125,265.5,0.32781982,-8.472992,4.5750732,-0.010633612,
Thu Jun 07 19:43:26 MDT 2018,07-Jun-2018 19:43:26.107,-105.11470442,39.56055367,24.4,3.216,1710.07080078125,271.2,0.1651001,-8.470596,5.493927,0.05427513,
Thu Jun 07 19:43:31 MDT 2018,07-Jun-2018 19:43:31.107,-105.1162221,39.56062937,26.67,4.288,1711.89794921875,273.5,-0.088531494,-8.133209,6.0681915,-0.018779283,
Thu Jun 07 19:43:36 MDT 2018,07-Jun-2018 19:43:36.107,-105.11775875,39.56072657,26.4,3.216,1713.49072265625,277.7,0.7537384,-9.169296,5.1230316,0.09243637,
Thu Jun 07 19:43:41 MDT 2018,07-Jun-2018 19:43:41.106,-105.11937057,39.56097827,29.65,3.216,1717.281982421875,283.5,-0.46899414,-8.867798,5.2139587,0.034462567,
Thu Jun 07 19:43:46 MDT 2018,07-Jun-2018 19:43:46.106,-105.1210909,39.56136044,30.51,3.216,1720.6396484375,288.8,0.088531494,-8.286346,4.9507446,0.03376399,
Thu Jun 07 19:43:51 MDT 2018,07-Jun-2018 19:43:51.107,-105.12278291,39.56188914,31.59,5.36,1721.8388671875,293.6,-0.35414124,-8.788834,4.594223,0.023825938,
Thu Jun 07 19:43:56 MDT 2018,07-Jun-2018 19:43:56.106,-105.1244329,39.56257176,32.29,4.288,1723.10693359375,299.4,-0.14356995,-8.848663,5.0345,0.057553053,
Thu Jun 07 19:44:01 MDT 2018,07-Jun-2018 19:44:01.109,-105.12600239,39.56334979,32.34,3.216,1723.3203125,304.6,-0.08375549,-9.028122,4.72583,0.050257787,
Thu Jun 07 19:44:06 MDT 2018,07-Jun-2018 19:44:06.109,-105.12746789,39.56425412,32.29,3.216,1725.775146484375,310.0,-0.44984436,-8.494522,4.096512,0.02869223,
Thu Jun 07 19:44:11 MDT 2018,07-Jun-2018 19:44:11.109,-105.12882307,39.56524236,31.79,4.288,1726.542724609375,315.6,-0.18902588,-8.405991,4.6947174,0.050536368,
Thu Jun 07 19:44:16 MDT 2018,07-Jun-2018 19:44:16.108,-105.1300543,39.56627429,31.75,3.216,1728.5126953125,318.2,-0.047851562,-7.9657135,4.922043,-0.026480794,
Thu Jun 07 19:44:21 MDT 2018,07-Jun-2018 19:44:21.106,-105.13130225,39.56736133,32.36,3.216,1729.3759765625,318.3,0.0047912598,-7.9896393,5.436493,0.028298268,
Thu Jun 07 19:44:26 MDT 2018,07-Jun-2018 19:44:26.108,-105.13256096,39.56844822,33.35,3.216,1733.7998046875,318.3,-0.117248535,-8.910873,4.9459686,0.057955563,
Thu Jun 07 19:44:31 MDT 2018,07-Jun-2018 19:44:31.107,-105.13381942,39.56958584,33.47,4.288,1734.78515625,318.9,0.07896423,-8.427521,5.367096,0.030435225,
Thu Jun 07 19:44:36 MDT 2018,07-Jun-2018 19:44:36.106,-105.13513712,39.57074951,33.97,3.216,1736.218505859375,318.5,-0.25842285,-8.434708,5.046463,0.0365343,
Thu Jun 07 19:44:41 MDT 2018,07-Jun-2018 19:44:41.109,-105.13642543,39.57188368,33.09,4.288,1740.201171875,318.5,-0.102890015,-8.702698,5.4101715,0.06362826,
Thu Jun 07 19:44:46 MDT 2018,07-Jun-2018 19:44:46.109,-105.13770659,39.57301167,32.83,3.216,1743.728515625,318.8,-0.1531372,-8.819946,4.6636047,0.05271553,
Thu Jun 07 19:44:51 MDT 2018,07-Jun-2018 19:44:51.106,-105.13890353,39.57419175,32.67,5.36,1748.998046875,324.1,-0.01914978,-8.145172,4.204193,-0.046625793,
Thu Jun 07 19:44:56 MDT 2018,07-Jun-2018 19:44:56.106,-105.13993623,39.57541038,30.91,4.288,1756.60009765625,329.6,-0.059814453,-8.858231,5.1804657,0.03549944,
Thu Jun 07 19:45:01 MDT 2018,07-Jun-2018 19:45:01.107,-105.14078418,39.57664841,30.76,5.36,1761.941650390625,334.5,0.22492981,-8.597412,4.9387817,0.026734501,
Thu Jun 07 19:45:06 MDT 2018,07-Jun-2018 19:45:06.111,-105.14140708,39.57788683,30.35,3.216,1770.7431640625,340.1,-0.0382843,-8.322235,4.9794617,0.010136867,
Thu Jun 07 19:45:11 MDT 2018,07-Jun-2018 19:45:11.108,-105.14200338,39.57916714,30.18,3.216,1772.9697265625,340.5,-0.68196106,-8.506485,5.7690887,0.077034295,
Thu Jun 07 19:45:16 MDT 2018,07-Jun-2018 19:45:16.108,-105.14258219,39.58040208,28.69,3.216,1773.550537109375,340.4,-0.59820557,-8.444275,5.48674,0.04733938,
Thu Jun 07 19:45:21 MDT 2018,07-Jun-2018 19:45:21.108,-105.14312751,39.58161889,28.8,3.216,1770.19091796875,340.6,-0.81355286,-8.449051,5.38385,0.044310093,
Thu Jun 07 19:45:26 MDT 2018,07-Jun-2018 19:45:26.107,-105.14369642,39.58287905,29.93,4.288,1765.3955078125,340.8,-0.33259583,-8.384445,5.5704956,0.058769453,
Thu Jun 07 19:45:31 MDT 2018,07-Jun-2018 19:45:31.108,-105.14429665,39.58420781,31.25,4.288,1760.353271484375,341.1,-0.7082825,-8.6237335,5.3862457,0.057965934,
Thu Jun 07 19:45:36 MDT 2018,07-Jun-2018 19:45:36.108,-105.14488444,39.585536,31.1,4.288,1756.36376953125,341.1,-0.7034912,-8.415558,5.7188416,0.044842396,
Thu Jun 07 19:45:41 MDT 2018,07-Jun-2018 19:45:41.107,-105.14551041,39.58687016,31.64,4.288,1750.6787109375,340.2,-0.33259583,-8.571091,4.99382,0.030757725,
Thu Jun 07 19:45:46 MDT 2018,07-Jun-2018 19:45:46.109,-105.14615903,39.588248,32.27,4.288,1748.862060546875,340.5,-0.36131287,-8.288742,5.2546387,0.040847577,
Thu Jun 07 19:45:51 MDT 2018,07-Jun-2018 19:45:51.107,-105.14681788,39.5896449,32.11,4.288,1745.59814453125,340.4,-0.8111725,-8.353348,5.0608215,0.008497409,
Thu Jun 07 19:45:56 MDT 2018,07-Jun-2018 19:45:56.107,-105.14744629,39.590968,31.3,4.288,1744.48095703125,340.3,-0.5312042,-8.740982,5.60878,0.079070866,
Thu Jun 07 19:46:01 MDT 2018,07-Jun-2018 19:46:01.107,-105.14804321,39.59228132,31.0,3.216,1748.7626953125,340.5,-0.26560974,-8.386841,4.800003,0.04173963,
Thu Jun 07 19:46:06 MDT 2018,07-Jun-2018 19:46:06.108,-105.14864467,39.59359859,31.18,3.216,1751.249267578125,340.7,0.035888672,-8.650055,5.613556,0.07016927,
Thu Jun 07 19:46:11 MDT 2018,07-Jun-2018 19:46:11.108,-105.14923537,39.59490706,30.99,9.648001,1753.695556640625,340.9,0.08135986,-8.185852,5.132599,0.026240874,
Thu Jun 07 19:46:16 MDT 2018,07-Jun-2018 19:46:16.109,-105.14992172,39.59618596,31.39,9.648001,1763.6083984375,336.4,0.14596558,-8.262421,5.5920258,0.01463753,
Thu Jun 07 19:46:21 MDT 2018,07-Jun-2018 19:46:21.108,-105.15072716,39.5974726,31.97,9.648001,1765.587646484375,333.7,-0.33499146,-8.305481,4.943573,0.0267715,
Thu Jun 07 19:46:26 MDT 2018,07-Jun-2018 19:46:26.106,-105.15157344,39.59874391,31.81,11.792,1770.17529296875,332.2,0.15792847,-8.673981,5.3312073,0.06196996,
Thu Jun 07 19:46:31 MDT 2018,07-Jun-2018 19:46:31.108,-105.15243462,39.60000144,31.04,11.792,1772.37841796875,333.4,0.13160706,-8.977875,4.790436,0.04861109,
Thu Jun 07 19:46:36 MDT 2018,07-Jun-2018 19:46:36.107,-105.15307291,39.60128099,31.04,9.648001,1776.764892578125,340.3,-0.3637085,-8.626129,4.546356,0.006885572,
Thu Jun 07 19:46:41 MDT 2018,07-Jun-2018 19:46:41.106,-105.15352547,39.60261514,31.07,10.72,1777.97412109375,348.6,0.119644165,-8.908478,4.6420746,0.040035386,
Thu Jun 07 19:46:46 MDT 2018,07-Jun-2018 19:46:46.107,-105.15371456,39.60400656,31.35,10.72,1778.58349609375,356.2,-0.9667053,-8.606979,4.7282104,0.024318997,
Thu Jun 07 19:46:51 MDT 2018,07-Jun-2018 19:46:51.108,-105.15370923,39.60535885,29.79,5.36,1780.80615234375,2.9,-1.1581268,-8.477768,4.8023987,0.01921159,
Thu Jun 07 19:46:56 MDT 2018,07-Jun-2018 19:46:56.107,-105.15335769,39.60657348,27.32,4.288,1779.634765625,15.8,-0.73220825,-7.8460693,4.8837585,0.085459456,
Thu Jun 07 19:47:01 MDT 2018,07-Jun-2018 19:47:01.106,-105.15282578,39.60767033,25.62,3.216,1776.88623046875,26.7,-0.83270264,-9.016159,4.754532,0.06150037,
Thu Jun 07 19:47:06 MDT 2018,07-Jun-2018 19:47:06.108,-105.15210636,39.60860549,21.51,3.216,1773.58251953125,31.3,-2.1607208,-8.678772,5.395813,0.06465343,
Thu Jun 07 19:47:11 MDT 2018,07-Jun-2018 19:47:11.108,-105.15161051,39.60924072,13.16,3.216,1776.260986328125,31.5,-2.6057892,-8.252853,5.235489,0.07132668,
Thu Jun 07 19:47:16 MDT 2018,07-Jun-2018 19:47:16.109,-105.15120029,39.60949724,10.08,3.216,1776.909423828125,72.0,1.3232269,-9.174088,4.204193,0.056504548,
Thu Jun 07 19:47:21 MDT 2018,07-Jun-2018 19:47:21.110,-105.15033351,39.60951533,17.28,3.216,1772.8837890625,90.0,0.6029968,-8.181061,5.924637,0.07009021,
Thu Jun 07 19:47:26 MDT 2018,07-Jun-2018 19:47:26.109,-105.14929407,39.60951586,17.69,3.216,1770.36181640625,90.4,-0.42352295,-8.456238,5.721237,0.09388699,
Thu Jun 07 19:47:31 MDT 2018,07-Jun-2018 19:47:31.108,-105.14826389,39.60948201,15.31,3.216,1770.5126953125,91.6,-2.589035,-8.236099,5.6063843,0.06834501,
Thu Jun 07 19:47:36 MDT 2018,07-Jun-2018 19:47:36.110,-105.14774793,39.60930617,10.29,3.216,1770.536376953125,158.6,1.1294098,-8.106888,5.4388885,0.02503407,
Thu Jun 07 19:47:41 MDT 2018,07-Jun-2018 19:47:41.106,-105.1477225,39.60868112,16.16,3.216,1769.58056640625,178.5,0.8183441,-9.712463,4.1611176,0.09932095,
Thu Jun 07 19:47:46 MDT 2018,07-Jun-2018 19:47:46.108,-105.14807551,39.60792731,19.16,3.216,1771.803466796875,210.9,0.85902405,-9.810577,4.4075775,0.10298005,
Thu Jun 07 19:47:51 MDT 2018,07-Jun-2018 19:47:51.108,-105.148899,39.60733598,19.34,3.216,1773.98095703125,235.0,0.17945862,-8.425125,5.596817,0.0502221,
Thu Jun 07 19:47:56 MDT 2018,07-Jun-2018 19:47:56.108,-105.14982109,39.60686477,18.79,3.216,1776.0634765625,236.0,0.100494385,-8.401199,6.477371,0.032458358,
Thu Jun 07 19:48:01 MDT 2018,07-Jun-2018 19:48:01.106,-105.1506475,39.6063581,18.04,3.216,1781.89111328125,225.2,0.5288086,-8.121246,6.850647,0.10339695,
Thu Jun 07 19:48:06 MDT 2018,07-Jun-2018 19:48:06.107,-105.15127227,39.6056597,19.24,3.216,1783.58251953125,210.6,0.6316986,-7.1210327,6.273987,0.03754111,
Thu Jun 07 19:48:11 MDT 2018,07-Jun-2018 19:48:11.110,-105.15167359,39.60479987,20.57,3.216,1784.9609375,193.6,0.66760254,-6.8482513,6.2596283,-0.025933834,
Thu Jun 07 19:48:16 MDT 2018,07-Jun-2018 19:48:16.108,-105.15172649,39.60384843,21.28,3.216,1789.021484375,175.5,-0.14356995,-8.874985,6.776474,0.15734953,
Thu Jun 07 19:48:21 MDT 2018,07-Jun-2018 19:48:21.109,-105.15142462,39.60298085,19.48,3.216,1792.57470703125,158.1,-0.04547119,-8.018356,6.139984,-0.051202435,
Thu Jun 07 19:48:26 MDT 2018,07-Jun-2018 19:48:26.108,-105.15089323,39.60222967,18.55,3.216,1792.00146484375,145.3,0.0023956299,-7.487137,6.273987,-0.0032390303,
Thu Jun 07 19:48:31 MDT 2018,07-Jun-2018 19:48:31.107,-105.15012196,39.60166206,18.43,3.216,1789.883056640625,128.0,-0.3397827,-7.915451,6.5348053,0.06589383,
Thu Jun 07 19:48:36 MDT 2018,07-Jun-2018 19:48:36.111,-105.14922646,39.6012557,17.76,3.216,1790.78173828125,116.1,0.27038574,-8.953949,6.4079742,0.071614824,
Thu Jun 07 19:48:41 MDT 2018,07-Jun-2018 19:48:41.108,-105.14823396,39.60089474,19.43,3.216,1789.892333984375,114.8,0.06460571,-8.322235,6.2691956,0.081133425,
Thu Jun 07 19:48:46 MDT 2018,07-Jun-2018 19:48:46.109,-105.14714958,39.60051049,20.67,3.216,1789.033935546875,114.6,-0.4665985,-7.762314,5.7786713,0.029917598,
Thu Jun 07 19:48:51 MDT 2018,07-Jun-2018 19:48:51.108,-105.14610131,39.60015188,19.48,3.216,1786.246826171875,115.0,-0.06460571,-8.085342,6.817154,0.09707755,
Thu Jun 07 19:48:56 MDT 2018,07-Jun-2018 19:48:56.110,-105.14505652,39.59984092,19.51,3.216,1786.6015625,105.9,0.098098755,-7.8053894,6.5898285,0.033946086,
Thu Jun 07 19:49:01 MDT 2018,07-Jun-2018 19:49:01.107,-105.14389324,39.59971677,20.89,3.216,1785.3232421875,93.4,-0.25842285,-6.9439697,5.8863373,-0.052678347,
Thu Jun 07 19:49:06 MDT 2018,07-Jun-2018 19:49:06.108,-105.14268212,39.59973034,21.04,3.216,1781.610595703125,86.8,-0.14356995,-7.458435,6.415161,-0.0066025653,
Thu Jun 07 19:49:11 MDT 2018,07-Jun-2018 19:49:11.107,-105.14151021,39.59986217,19.85,3.216,1778.462890625,79.5,-0.42114258,-7.8556366,6.376877,0.031518698,
Thu Jun 07 19:49:16 MDT 2018,07-Jun-2018 19:49:16.108,-105.14038805,39.60009175,19.65,3.216,1776.46875,73.2,-0.18185425,-8.606979,5.9533386,0.085959375,
Thu Jun 07 19:49:21 MDT 2018,07-Jun-2018 19:49:21.108,-105.13931819,39.60044636,20.33,3.216,1771.240234375,64.5,-0.5168457,-8.260025,6.077774,0.046175275,
Thu Jun 07 19:49:26 MDT 2018,07-Jun-2018 19:49:26.109,-105.13826332,39.60090666,20.22,3.216,1770.8017578125,57.9,0.011962891,-7.7814636,5.83609,0.010522127,
Thu Jun 07 19:49:31 MDT 2018,07-Jun-2018 19:49:31.113,-105.13731057,39.60142614,19.91,3.216,1764.66259765625,54.2,-0.026321411,-7.697708,5.7332,0.014978091,
Thu Jun 07 19:49:36 MDT 2018,07-Jun-2018 19:49:36.107,-105.13631426,39.60192687,20.44,3.216,1763.4521484375,59.1,-0.19142151,-8.822342,4.587036,0.042315513,
Thu Jun 07 19:49:41 MDT 2018,07-Jun-2018 19:49:41.109,-105.13522412,39.6022599,20.32,3.216,1759.9169921875,72.1,-0.45942688,-8.784058,4.8047943,0.028840298,
Thu Jun 07 19:49:46 MDT 2018,07-Jun-2018 19:49:46.110,-105.13406586,39.60239552,20.28,5.36,1757.680908203125,85.5,-0.4139557,-8.104492,5.4604187,0.01605612,
Thu Jun 07 19:49:51 MDT 2018,07-Jun-2018 19:49:51.107,-105.13293075,39.60239178,20.22,3.216,1755.09130859375,89.1,-0.28953552,-8.403595,5.9126587,0.04273024,
Thu Jun 07 19:49:56 MDT 2018,07-Jun-2018 19:49:56.108,-105.13176645,39.60236411,19.49,3.216,1753.384033203125,89.6,-0.40678406,-8.231308,5.618347,0.048988935,
Thu Jun 07 19:50:01 MDT 2018,07-Jun-2018 19:50:01.108,-105.13063769,39.6023697,19.08,3.216,1750.2177734375,90.0,-0.33259583,-8.130814,5.371887,0.012964368,
Thu Jun 07 19:50:06 MDT 2018,07-Jun-2018 19:50:06.109,-105.12959809,39.60234872,14.58,3.216,1749.6103515625,91.6,-2.4263153,-8.169098,5.9198456,0.051289875,
Thu Jun 07 19:50:11 MDT 2018,07-Jun-2018 19:50:11.106,-105.1291362,39.60234719,5.39,3.216,1750.6328125,105.6,1.2179413,-9.408585,3.2805634,0.055080973,
Thu Jun 07 19:50:16 MDT 2018,07-Jun-2018 19:50:16.109,-105.12900879,39.60195499,12.69,3.216,1749.2880859375,175.5,0.7154541,-7.652252,6.2309113,0.027572215,
Thu Jun 07 19:50:21 MDT 2018,07-Jun-2018 19:50:21.106,-105.12892555,39.60125435,18.51,3.216,1746.5185546875,175.2,0.122039795,-8.542374,5.7332,0.05223048,
Thu Jun 07 19:50:26 MDT 2018,07-Jun-2018 19:50:26.108,-105.12894395,39.60037615,20.04,3.216,1745.49072265625,180.3,-0.4905243,-8.355743,6.22612,0.08239001,
Thu Jun 07 19:50:31 MDT 2018,07-Jun-2018 19:50:31.107,-105.12895384,39.59941998,21.45,5.36,1742.0302734375,179.7,-0.6269226,-7.755142,5.7188416,0.039865334,
Thu Jun 07 19:50:36 MDT 2018,07-Jun-2018 19:50:36.109,-105.12895867,39.59844245,21.62,5.36,1740.1787109375,180.9,-0.39482117,-7.2502594,6.094513,0.039807618,
Thu Jun 07 19:50:41 MDT 2018,07-Jun-2018 19:50:41.108,-105.1289728,39.59750527,20.77,9.648001,1739.028076171875,180.5,0.16989136,-7.8556366,5.802597,0.014698744,
Thu Jun 07 19:50:46 MDT 2018,07-Jun-2018 19:50:46.107,-105.12898087,39.5965759,20.05,3.216,1737.91162109375,180.2,-0.32781982,-8.374878,6.6927185,0.071009405,
Thu Jun 07 19:50:51 MDT 2018,07-Jun-2018 19:50:51.106,-105.12899808,39.5957036,18.91,3.216,1737.7119140625,180.3,-0.5144501,-8.200211,6.2907257,0.07384306,
Thu Jun 07 19:50:56 MDT 2018,07-Jun-2018 19:50:56.107,-105.12893893,39.59486571,18.78,3.216,1735.5,169.1,-0.55274963,-7.1186523,7.6091766,0.034773692,
Thu Jun 07 19:51:01 MDT 2018,07-Jun-2018 19:51:01.108,-105.12834658,39.59412851,19.75,3.216,1729.3798828125,136.6,-0.41635132,-7.680954,6.6472626,0.023415562,
Thu Jun 07 19:51:06 MDT 2018,07-Jun-2018 19:51:06.106,-105.12737356,39.59360799,20.74,3.216,1721.7353515625,124.6,-0.5264282,-8.130814,5.8121643,0.04901982,
Thu Jun 07 19:51:11 MDT 2018,07-Jun-2018 19:51:11.111,-105.12634298,39.59305189,21.56,3.216,1716.05859375,126.2,-0.5168457,-9.308075,4.3453674,0.059466377,
Thu Jun 07 19:51:16 MDT 2018,07-Jun-2018 19:51:16.110,-105.12555081,39.59234291,21.24,3.216,1714.00439453125,149.1,0.31106567,-9.918243,4.1108704,0.043244842,
Thu Jun 07 19:51:21 MDT 2018,07-Jun-2018 19:51:21.108,-105.12524861,39.59140152,21.44,3.216,1715.8984375,176.2,0.2871399,-10.1814575,4.256836,0.14430636,
Thu Jun 07 19:51:26 MDT 2018,07-Jun-2018 19:51:26.107,-105.12550181,39.59045775,21.78,4.288,1717.76318359375,200.8,0.4091797,-9.320038,4.467407,0.043758728,
Thu Jun 07 19:51:31 MDT 2018,07-Jun-2018 19:51:31.108,-105.12624087,39.58970509,21.08,3.216,1723.223876953125,227.5,0.61016846,-8.327026,5.5537415,0.04878533,
Thu Jun 07 19:51:36 MDT 2018,07-Jun-2018 19:51:36.108,-105.12722644,39.58916096,21.1,3.216,1731.493408203125,234.5,0.46899414,-7.824524,5.9724884,0.023549497,
Thu Jun 07 19:51:41 MDT 2018,07-Jun-2018 19:51:41.107,-105.12817531,39.58863346,19.31,3.216,1738.924560546875,234.1,0.4402771,-7.372284,6.7716827,0.026309093,
Thu Jun 07 19:51:46 MDT 2018,07-Jun-2018 19:51:46.109,-105.12886961,39.58802122,17.63,3.216,1743.029052734375,209.0,0.6125641,-7.286148,7.2550354,0.0689922,
Thu Jun 07 19:51:51 MDT 2018,07-Jun-2018 19:51:51.108,-105.129102,39.58725995,17.74,4.288,1744.64892578125,185.3,0.46899414,-8.671585,5.42453,0.047537897,
Thu Jun 07 19:51:56 MDT 2018,07-Jun-2018 19:51:56.108,-105.12911548,39.58637415,19.59,3.216,1746.203125,180.7,0.0047912598,-7.8675995,5.682953,0.08383293,
Thu Jun 07 19:52:01 MDT 2018,07-Jun-2018 19:52:01.107,-105.12912628,39.58548679,19.58,3.216,1749.227783203125,180.3,0.19142151,-8.317459,5.9605255,0.062270343,
Thu Jun 07 19:52:06 MDT 2018,07-Jun-2018 19:52:06.109,-105.1291252,39.58457855,20.16,4.288,1750.92041015625,180.4,-0.01675415,-7.905884,5.596817,0.03490655,
Thu Jun 07 19:52:11 MDT 2018,07-Jun-2018 19:52:11.112,-105.12917213,39.58371943,18.6,4.288,1748.177490234375,180.6,-0.13400269,-8.315063,5.6805573,0.0578089,
Thu Jun 07 19:52:16 MDT 2018,07-Jun-2018 19:52:16.108,-105.12917668,39.58289264,17.97,3.216,1747.29345703125,180.3,-0.27038574,-8.918045,6.4342957,0.0492158,
Thu Jun 07 19:52:21 MDT 2018,07-Jun-2018 19:52:21.110,-105.12917504,39.58214982,15.47,3.216,1747.36181640625,180.9,-0.3756714,-7.6402893,5.924637,0.039525893,
Thu Jun 07 19:52:26 MDT 2018,07-Jun-2018 19:52:26.108,-105.12920823,39.58149516,13.85,3.216,1750.90234375,185.6,-0.119644165,-7.4775696,6.072983,0.016296705,
Thu Jun 07 19:52:31 MDT 2018,07-Jun-2018 19:52:31.107,-105.12922662,39.58101622,7.59,3.216,1755.19580078125,179.8,0.15792847,-8.532806,4.249649,-0.009155512,
Thu Jun 07 19:52:36 MDT 2018,07-Jun-2018 19:52:36.108,-105.12951326,39.58087857,9.63,3.216,1759.33935546875,264.2,2.0602264,-7.848465,5.728424,0.05137186,
Thu Jun 07 19:52:41 MDT 2018,07-Jun-2018 19:52:41.108,-105.13023682,39.580819,12.26,3.216,1762.623046875,268.6,-0.49531555,-8.477768,5.85524,0.07049042,
Thu Jun 07 19:52:46 MDT 2018,07-Jun-2018 19:52:46.106,-105.13081763,39.58080607,8.56,3.216,1767.6630859375,267.6,1.2012024,-8.370087,5.5872345,0.031008061,
Thu Jun 07 19:52:51 MDT 2018,07-Jun-2018 19:52:51.107,-105.13139898,39.58081201,11.3,5.36,1768.7666015625,271.4,-0.095718384,-7.915451,5.71167,0.014055073,
Thu Jun 07 19:52:56 MDT 2018,07-Jun-2018 19:52:56.111,-105.1321092,39.58085354,12.38,6.432,1771.72607421875,271.8,0.78245544,-7.9130707,5.91745,0.03503994,
Thu Jun 07 19:53:01 MDT 2018,07-Jun-2018 19:53:01.107,-105.13293256,39.58078802,13.21,5.36,1772.21337890625,265.9,-0.45942688,-8.260025,5.474777,0.031035086,
Thu Jun 07 19:53:06 MDT 2018,07-Jun-2018 19:53:06.108,-105.13347965,39.58076608,5.67,4.288,1774.9462890625,268.9,-1.7611237,-8.233704,5.584854,0.048945248,
Thu Jun 07 19:53:11 MDT 2018,07-Jun-2018 19:53:11.108,-105.13355457,39.58075409,0.0,3.216,1775.23291015625,0.0,0.028717041,-8.260025,5.64946,0.037982572,
Thu Jun 07 19:53:16 MDT 2018,07-Jun-2018 19:53:16.108,-105.13354341,39.58075283,0.0,3.216,1773.509765625,0.0,1.8831482,-8.233704,5.5872345,0.057385698,
Thu Jun 07 19:53:21 MDT 2018,07-Jun-2018 19:53:21.108,-105.13378958,39.58067853,7.24,3.216,1773.0732421875,221.8,-0.1603241,-7.7431793,6.8123627,0.07043642,
Thu Jun 07 19:53:26 MDT 2018,07-Jun-2018 19:53:26.109,-105.13382308,39.58037399,6.02,3.216,1772.564208984375,180.7,-0.14117432,-9.485153,4.5798645,0.048235223,
Thu Jun 07 19:53:31 MDT 2018,07-Jun-2018 19:53:31.108,-105.13396367,39.58028423,2.97,3.216,1771.927734375,288.0,0.66760254,-8.769699,5.1469574,0.043256916,
Thu Jun 07 19:53:36 MDT 2018,07-Jun-2018 19:53:36.108,-105.13411146,39.5803909,3.93,3.216,1773.03076171875,295.0,0.06460571,-7.7527466,6.3385925,0.03982979,
Thu Jun 07 19:53:41 MDT 2018,07-Jun-2018 19:53:41.106,-105.13434091,39.58039596,3.6,3.216,1772.9033203125,255.7,0.0765686,-7.475174,6.9128723,0.051612306,
Thu Jun 07 19:53:46 MDT 2018,07-Jun-2018 19:53:46.108,-105.13439918,39.58024032,3.98,3.216,1774.947509765625,183.9,0.1986084,-7.8915253,6.2117615,0.04264643,
Thu Jun 07 19:53:51 MDT 2018,07-Jun-2018 19:53:51.108,-105.13436958,39.5800442,4.05,3.216,1774.99072265625,174.2,-0.06460571,-7.8053894,5.852844,0.013518989,
Thu Jun 07 19:53:56 MDT 2018,07-Jun-2018 19:53:56.110,-105.1342781,39.5799191,1.92,3.216,1776.4951171875,117.8,-0.830307,-8.4179535,5.412567,0.042677104,
Thu Jun 07 19:54:01 MDT 2018,07-Jun-2018 19:54:01.108,-105.13422445,39.57992725,0.0,3.216,1776.21533203125,0.0,0.29910278,-8.425125,5.3766785,0.03676191,
Thu Jun 07 19:54:06 MDT 2018,07-Jun-2018 19:54:06.106,-105.13421675,39.57993396,0.0,3.216,1774.74072265625,0.0,0.30867004,-8.403595,5.3407745,0.036614098,
Thu Jun 07 19:54:11 MDT 2018,07-Jun-2018 19:54:11.107,-105.13421027,39.57993639,0.0,3.216,1773.340087890625,0.0,0.32063293,-8.439484,5.3886414,0.03647805,
Thu Jun 07 19:54:16 MDT 2018,07-Jun-2018 19:54:16.106,-105.13420929,39.57993645,0.0,3.216,1773.34521484375,0.0,0.31585693,-8.4179535,5.3766785,0.03770703,
Thu Jun 07 19:54:21 MDT 2018,07-Jun-2018 19:54:21.108,-105.13420857,39.57993609,0.0,3.216,1773.475341796875,0.0,0.9882355,-8.372482,5.4006042,0.039598525,
Thu Jun 07 19:54:26 MDT 2018,07-Jun-2018 19:54:26.108,-105.13413006,39.57993582,1.9,3.216,1773.93017578125,62.0,-0.38285828,-7.755142,6.4462585,0.048049636,
Thu Jun 07 19:54:31 MDT 2018,07-Jun-2018 19:54:31.108,-105.13408366,39.58001889,2.0,3.216,1774.74853515625,357.5,-0.14596558,-7.9704895,5.87677,0.03484035,
Thu Jun 07 19:54:36 MDT 2018,07-Jun-2018 19:54:36.108,-105.13410563,39.58005103,0.0,3.216,1774.80908203125,0.0,-0.059814453,-7.968094,6.025131,0.037879594,
Thu Jun 07 19:54:41 MDT 2018,07-Jun-2018 19:54:41.107,-105.13410513,39.58005858,0.0,3.216,1774.51123046875,0.0,-0.01675415,-7.984848,6.0562286,0.040587723,
Thu Jun 07 19:54:46 MDT 2018,07-Jun-2018 19:54:46.109,-105.1341045,39.58006295,0.0,3.216,1774.380859375,0.0,-0.028717041,-7.980057,6.032303,0.038678087,
Thu Jun 07 19:54:51 MDT 2018,07-Jun-2018 19:54:51.108,-105.13410471,39.58006276,0.0,3.216,1774.3193359375,0.0,-0.035888672,-7.9489594,6.02034,0.038735643,
Thu Jun 07 19:54:56 MDT 2018,07-Jun-2018 19:54:56.108,-105.13410474,39.58006279,0.0,3.216,1774.31396484375,0.0,-0.035888672,-7.9489594,6.0466614,0.037720654,
Thu Jun 07 19:55:01 MDT 2018,07-Jun-2018 19:55:01.107,-105.13410468,39.5800628,0.0,4.288,1774.296875,0.0,-0.021530151,-7.980057,6.04187,0.039315283,
Thu Jun 07 19:55:06 MDT 2018,07-Jun-2018 19:55:06.106,-105.13410255,39.58007842,1.0,4.288,1773.23779296875,10.1,-0.06939697,-8.130814,6.027527,0.044123754,
Thu Jun 07 19:55:11 MDT 2018,07-Jun-2018 19:55:11.107,-105.13408534,39.58013911,1.32,4.288,1772.865966796875,359.6,-0.0382843,-7.7934265,6.1782684,0.037578568,
Thu Jun 07 19:55:16 MDT 2018,07-Jun-2018 19:55:16.106,-105.13410202,39.58017781,0.0,5.36,1770.30322265625,0.0,-0.007171631,-7.862808,6.135193,0.038066998,
Thu Jun 07 19:55:21 MDT 2018,07-Jun-2018 19:55:21.107,-105.13409624,39.58017923,0.0,5.36,1771.37109375,0.0,-1.8999023,4.2998962,8.851059,0.04060799,
Thu Jun 07 19:55:26 MDT 2018,07-Jun-2018 19:55:26.106,-105.13408991,39.58018197,0.0,8.576,1772.42236328125,0.0,-1.3830566,4.1156616,8.9730835,0.04047078,
Thu Jun 07 19:55:31 MDT 2018,07-Jun-2018 19:55:31.106,-105.13408795,39.5801818,0.0,11.792,1772.597412109375,0.0,-0.9499512,4.237686,8.944366,0.044621687,
Thu Jun 07 19:55:36 MDT 2018,07-Jun-2018 19:55:36.138,-105.13408749,39.58018166,0.0,12.864,1772.6357421875,0.0,-0.90448,4.5272217,9.001801,0.040539272,
Thu Jun 07 19:55:41 MDT 2018,07-Jun-2018 19:55:41.141,-105.1340852,39.58018155,0.0,10.72,1772.84423828125,0.0,-0.84706116,4.713867,8.774475,0.02608226,
Thu Jun 07 19:55:46 MDT 2018,07-Jun-2018 19:55:46.118,-105.13408511,39.58018162,0.0,11.792,1772.818359375,0.0,-0.7800598,5.0608215,8.487335,0.029436171,
Thu Jun 07 19:55:51 MDT 2018,07-Jun-2018 19:55:51.137,-105.13408522,39.58018164,0.0,10.72,1772.808349609375,0.0,3.9577332,-7.475174,3.0604248,0.27058423,
Thu Jun 07 19:55:56 MDT 2018,07-Jun-2018 19:55:56.107,-105.13408532,39.58018164,0.0,10.72,1772.80517578125,0.0,-0.124420166,-7.927429,6.065811,0.037849903,
Thu Jun 07 19:56:01 MDT 2018,07-Jun-2018 19:56:01.138,-105.13408517,39.58018161,0.0,10.72,1772.8359375,0.0,-0.112457275,-7.980057,6.0849457,0.03762483,
Thu Jun 07 19:56:06 MDT 2018,07-Jun-2018 19:56:06.148,-105.13408476,39.58018149,0.0,10.72,1772.87939453125,0.0,-0.124420166,-7.9489594,6.0681915,0.038492262,
Thu Jun 07 19:56:11 MDT 2018,07-Jun-2018 19:56:11.121,-105.13408437,39.58018144,0.0,10.72,1772.909912109375,0.0,2.4885406,9.269791,0.5407715,-0.012639651,
Thu Jun 07 19:56:16 MDT 2018,07-Jun-2018 19:56:16.115,-105.13408436,39.58018146,0.0,9.648001,1772.918212890625,0.0,-1.2370911,3.4432678,9.47319,0.04806972,
Thu Jun 07 19:56:21 MDT 2018,07-Jun-2018 19:56:21.136,-105.13408436,39.58018158,0.0,11.792,1772.920654296875,0.0,-0.68673706,4.1156616,9.516251,0.037088934,
Thu Jun 07 19:56:26 MDT 2018,07-Jun-2018 19:56:26.141,-105.13408445,39.58018157,0.0,11.792,1772.947509765625,0.0,-0.9403839,4.285553,9.114258,0.050124705,
Thu Jun 07 19:56:31 MDT 2018,07-Jun-2018 19:56:31.118,-105.13408472,39.5801815,0.0,10.72,1772.94873046875,0.0,-0.70588684,4.1395874,8.748154,0.008179069,
Thu Jun 07 19:56:36 MDT 2018,07-Jun-2018 19:56:36.137,-105.13408487,39.58018145,0.0,10.72,1772.972900390625,0.0,-0.4019928,3.981659,9.942184,0.04068133,
Thu Jun 07 19:56:41 MDT 2018,07-Jun-2018 19:56:41.125,-105.13408488,39.58018152,0.0,11.792,1772.99951171875,0.0,-2.6153564,0.5694885,6.2811584,0.20157877,
Thu Jun 07 19:56:46 MDT 2018,07-Jun-2018 19:56:46.148,-105.1340752,39.58017382,0.97,10.72,1774.806640625,216.3,-0.98583984,1.2969055,9.927826,0.045021117,
Thu Jun 07 19:56:51 MDT 2018,07-Jun-2018 19:56:51.139,-105.1340333,39.58015895,0.0,10.72,1779.9033203125,0.0,-0.12921143,-2.486145,9.724426,0.042244732,
Thu Jun 07 19:56:56 MDT 2018,07-Jun-2018 19:56:56.130,-105.13403528,39.58015654,0.0,10.72,1781.09521484375,0.0,-0.071777344,-2.498108,9.7986145,0.046132505,
Thu Jun 07 19:57:01 MDT 2018,07-Jun-2018 19:57:01.124,-105.13404242,39.58015559,0.0,10.72,1780.478515625,0.0,-5.3192444,1.1437683,8.494522,0.044745088,
Thu Jun 07 19:57:06 MDT 2018,07-Jun-2018 19:57:06.138,-105.13404336,39.58015564,0.0,11.792,1780.427734375,0.0,-8.171494,1.0887299,-5.522629,0.031884134,
Thu Jun 07 19:57:11 MDT 2018,07-Jun-2018 19:57:11.149,-105.13404341,39.58015564,0.0,16.08,1780.423828125,0.0,-8.190628,1.380661,-5.4269257,0.030406892,
Thu Jun 07 19:57:16 MDT 2018,07-Jun-2018 19:57:16.132,-105.1340434,39.58015565,0.0,19.296001,1780.43115234375,0.0,-7.841278,2.1104736,-5.5202484,0.030216943,
Thu Jun 07 19:57:21 MDT 2018,07-Jun-2018 19:57:21.138,-105.13404332,39.58015569,0.0,19.296001,1780.427978515625,0.0,-7.8101807,2.2899323,-5.6398773,0.028024444,
Thu Jun 07 19:57:26 MDT 2018,07-Jun-2018 19:57:26.144,-105.13404324,39.58015567,0.0,18.224,1780.440185546875,0.0,-7.6857452,2.3736877,-5.642273,0.02678138,
Thu Jun 07 19:57:31 MDT 2018,07-Jun-2018 19:57:31.130,-105.13404332,39.58015568,0.0,19.296001,1780.4345703125,0.0,-7.8963165,2.313858,-5.54657,0.030540645,
Thu Jun 07 19:57:36 MDT 2018,07-Jun-2018 19:57:36.151,-105.13404339,39.58015565,0.0,17.152,1780.42138671875,0.0,-7.807785,2.268402,-5.7188416,0.027558334,
Thu Jun 07 19:57:41 MDT 2018,07-Jun-2018 19:57:41.126,-105.1340434,39.58015564,0.0,13.936001,1780.422607421875,0.0,-7.802994,2.4143524,-5.6661987,0.026884211,
Thu Jun 07 19:57:46 MDT 2018,07-Jun-2018 19:57:46.147,-105.13404351,39.58015568,0.0,15.008,1780.40087890625,0.0,-7.750351,2.411972,-5.5992126,0.026713299,
Thu Jun 07 19:57:51 MDT 2018,07-Jun-2018 19:57:51.148,-105.13404378,39.58015573,0.0,15.008,1780.369140625,0.0,-7.8963165,2.3688965,-5.5633087,0.032817066,
Thu Jun 07 19:57:56 MDT 2018,07-Jun-2018 19:57:56.107,-105.13404309,39.58015567,0.0,15.008,1780.43212890625,0.0,-7.8843536,2.354538,-5.551346,0.027206957,
Thu Jun 07 19:58:01 MDT 2018,07-Jun-2018 19:58:01.121,-105.13404296,39.5801557,0.0,13.936001,1780.453125,0.0,-7.750351,2.4263153,-5.5944214,0.027266929,
Thu Jun 07 19:58:06 MDT 2018,07-Jun-2018 19:58:06.118,-105.13404289,39.58015572,0.0,13.936001,1780.445068359375,0.0,-7.8341064,2.371292,-5.52742,0.027203195,
Thu Jun 07 19:58:11 MDT 2018,07-Jun-2018 19:58:11.138,-105.13404304,39.58015573,0.0,12.864,1780.424560546875,0.0,-7.8388824,2.4717865,-5.4915314,0.025184346,
Thu Jun 07 19:58:16 MDT 2018,07-Jun-2018 19:58:16.132,-105.13404308,39.58015576,0.0,12.864,1780.430908203125,0.0,-7.7359924,2.6273193,-5.5681,0.026845753,
Thu Jun 07 19:58:21 MDT 2018,07-Jun-2018 19:58:21.138,-105.13404328,39.58015582,0.0,12.864,1780.391357421875,0.0,-7.664215,2.6440735,-5.637497,0.025610745,
Thu Jun 07 19:58:26 MDT 2018,07-Jun-2018 19:58:26.148,-105.13404353,39.58015585,0.0,11.792,1780.346923828125,0.0,-7.721634,2.6153564,-5.67099,0.026882779,
Thu Jun 07 19:58:31 MDT 2018,07-Jun-2018 19:58:31.110,-105.13404362,39.58015589,0.0,11.792,1780.34033203125,0.0,-7.697708,2.6679993,-5.6327057,0.026715279,
Thu Jun 07 19:58:36 MDT 2018,07-Jun-2018 19:58:36.140,-105.13404367,39.58015594,0.0,11.792,1780.33251953125,0.0,-7.635498,2.6871338,-5.6327057,0.02655826,
Thu Jun 07 19:58:41 MDT 2018,07-Jun-2018 19:58:41.148,-105.13404376,39.58015597,0.0,11.792,1780.3134765625,0.0,-7.630707,2.7014923,-5.6614227,0.025117831,
Thu Jun 07 19:58:46 MDT 2018,07-Jun-2018 19:58:46.121,-105.13404387,39.580156,0.0,11.792,1780.306884765625,0.0,-7.6450653,2.6536407,-5.7068787,0.028417766,
Thu Jun 07 19:58:51 MDT 2018,07-Jun-2018 19:58:51.138,-105.13404391,39.58015602,0.0,11.792,1780.31689453125,0.0,-7.5972137,2.6799622,-5.694916,0.026076391,
Thu Jun 07 19:58:56 MDT 2018,07-Jun-2018 19:58:56.148,-105.13404344,39.58015598,0.0,11.792,1780.37646484375,0.0,-8.276779,3.2446747,-4.153946,0.020123001,
Thu Jun 07 19:59:01 MDT 2018,07-Jun-2018 19:59:01.139,-105.13404348,39.58015604,0.0,11.792,1780.366455078125,0.0,-8.566299,-0.15792847,-4.4769745,0.056123704,
Thu Jun 07 19:59:06 MDT 2018,07-Jun-2018 19:59:06.124,-105.13398275,39.58015187,3.02,11.792,1778.90625,88.4,-8.829514,-1.5792694,-4.3836517,0.036688745,
Thu Jun 07 19:59:11 MDT 2018,07-Jun-2018 19:59:11.146,-105.13376733,39.58017667,4.25,10.72,1776.890380859375,82.4,-8.104492,0.38046265,-5.642273,0.032895483,
Thu Jun 07 19:59:16 MDT 2018,07-Jun-2018 19:59:16.148,-105.13364345,39.58042923,5.54,10.72,1772.908935546875,5.7,-8.863022,-1.6462555,-5.108673,0.05374152,
Thu Jun 07 19:59:21 MDT 2018,07-Jun-2018 19:59:21.146,-105.13354221,39.58061162,5.1,10.72,1771.130859375,42.3,-9.157333,1.6175537,-2.1032867,-0.009135187,
Thu Jun 07 19:59:26 MDT 2018,07-Jun-2018 19:59:26.146,-105.13298782,39.58067423,11.54,11.792,1769.56396484375,88.7,-9.142975,2.4502563,-2.9527435,0.014130656,
Thu Jun 07 19:59:31 MDT 2018,07-Jun-2018 19:59:31.148,-105.13193748,39.58068556,18.77,10.72,1767.5615234375,88.0,-9.360718,1.2514496,-3.115448,0.03272122,
Thu Jun 07 19:59:36 MDT 2018,07-Jun-2018 19:59:36.139,-105.13083122,39.58069784,18.27,9.648001,1767.115966796875,89.4,-9.269791,0.89730835,-3.665802,0.0468069,
Thu Jun 07 19:59:41 MDT 2018,07-Jun-2018 19:59:41.116,-105.13001782,39.58070329,11.46,9.648001,1768.919921875,89.9,-9.260223,0.75613403,-3.6442719,0.04439137,
Thu Jun 07 19:59:46 MDT 2018,07-Jun-2018 19:59:46.149,-105.12959565,39.58070292,5.67,9.648001,1767.11376953125,90.1,-9.291336,0.41156006,-3.8476562,0.044986427,
Thu Jun 07 19:59:51 MDT 2018,07-Jun-2018 19:59:51.130,-105.12953164,39.58070563,0.49,9.648001,1764.91357421875,88.8,-9.293716,1.4572296,-3.213562,0.036410417,
Thu Jun 07 19:59:56 MDT 2018,07-Jun-2018 19:59:56.129,-105.12932884,39.58070436,7.09,10.72,1762.52685546875,88.1,-9.415756,2.2133636,-2.3641052,0.05414243,
Thu Jun 07 20:00:01 MDT 2018,07-Jun-2018 20:00:01.108,-105.12875659,39.58072054,11.42,9.648001,1761.21435546875,89.5,-8.812759,3.1250305,-2.0769653,-0.0046161413,
Thu Jun 07 20:00:06 MDT 2018,07-Jun-2018 20:00:06.139,-105.12791258,39.58072771,15.84,9.648001,1761.4130859375,89.9,-9.195618,2.079361,-2.4550323,0.044974077,
Thu Jun 07 20:00:11 MDT 2018,07-Jun-2018 20:00:11.148,-105.12691187,39.58071067,16.83,10.72,1761.824462890625,90.5,-8.968292,1.8783722,-3.1130676,0.054218642,
Thu Jun 07 20:00:16 MDT 2018,07-Jun-2018 20:00:16.133,-105.12589161,39.58071853,17.84,10.72,1765.233154296875,90.1,-9.274582,1.8640137,-2.950348,0.039404802,
Thu Jun 07 20:00:21 MDT 2018,07-Jun-2018 20:00:21.140,-105.12483056,39.58070284,18.55,10.72,1763.04345703125,92.5,-10.535599,2.165512,-3.3020935,0.16592306,
Thu Jun 07 20:00:26 MDT 2018,07-Jun-2018 20:00:26.130,-105.12375407,39.58068711,19.24,10.72,1758.052734375,89.3,-9.499512,2.0219421,-3.0221405,0.044401623,
Thu Jun 07 20:00:31 MDT 2018,07-Jun-2018 20:00:31.148,-105.12261238,39.58071483,19.57,9.648001,1755.472900390625,89.3,-9.128616,1.9692993,-2.9192505,0.042646322,
Thu Jun 07 20:00:36 MDT 2018,07-Jun-2018 20:00:36.140,-105.121517,39.58072109,19.87,10.72,1748.05322265625,90.5,-9.178864,1.1318054,-3.3308105,0.021027863,
Thu Jun 07 20:00:41 MDT 2018,07-Jun-2018 20:00:41.141,-105.12035739,39.5807425,20.27,10.72,1745.068359375,89.2,-9.298508,2.3497467,-2.766098,0.025111612,
Thu Jun 07 20:00:46 MDT 2018,07-Jun-2018 20:00:46.139,-105.11917349,39.58076697,20.51,12.864,1746.0517578125,88.1,-9.205185,1.8879395,-2.8043823,0.018626869,
Thu Jun 07 20:00:51 MDT 2018,07-Jun-2018 20:00:51.149,-105.11790828,39.5807229,21.0,11.792,1743.788330078125,90.7,-8.908478,1.6988983,-2.8283234,0.03600171,
Thu Jun 07 20:00:56 MDT 2018,07-Jun-2018 20:00:56.129,-105.11672879,39.58076876,20.6,13.936001,1739.09033203125,88.3,-9.600006,2.292328,-2.7972107,0.06473082,
Thu Jun 07 20:01:01 MDT 2018,07-Jun-2018 20:01:01.111,-105.11558888,39.58062027,19.25,10.72,1742.895263671875,104.1,-9.085556,2.6847534,-2.3569336,0.05352193,
Thu Jun 07 20:01:06 MDT 2018,07-Jun-2018 20:01:06.147,-105.11455694,39.58026594,19.22,15.008,1746.84912109375,111.7,-8.283951,2.0697937,-3.4959106,-0.015077165,
Thu Jun 07 20:01:11 MDT 2018,07-Jun-2018 20:01:11.147,-105.11363038,39.58014822,17.68,10.72,1744.8046875,94.3,-8.082962,2.3784637,-4.8717804,0.095654994,
Thu Jun 07 20:01:16 MDT 2018,07-Jun-2018 20:01:16.121,-105.11259712,39.58025577,17.41,12.864,1741.501953125,80.8,-9.1453705,1.8664093,-2.5770721,0.018212974,
Thu Jun 07 20:01:21 MDT 2018,07-Jun-2018 20:01:21.129,-105.11144931,39.58061233,18.89,11.792,1742.51025390625,71.0,-9.722046,1.0528412,0.38763428,0.029427346,
Thu Jun 07 20:01:26 MDT 2018,07-Jun-2018 20:01:26.118,-105.11044807,39.58063376,18.57,11.792,1738.447998046875,89.6,-9.250656,2.2157593,-2.9479523,0.009011425,
Thu Jun 07 20:01:31 MDT 2018,07-Jun-2018 20:01:31.119,-105.10941975,39.58062676,19.19,10.72,1732.8681640625,91.5,-8.475372,2.0985107,-3.0508423,-0.038190305,
Thu Jun 07 20:01:36 MDT 2018,07-Jun-2018 20:01:36.137,-105.10824401,39.58061185,20.83,9.648001,1727.93359375,90.5,-8.394028,2.0362854,-4.285553,0.061265916,
Thu Jun 07 20:01:41 MDT 2018,07-Jun-2018 20:01:41.132,-105.10709887,39.58062107,18.15,9.648001,1726.37353515625,89.9,-9.774673,1.832901,-3.1465607,0.015648859,
Thu Jun 07 20:01:46 MDT 2018,07-Jun-2018 20:01:46.149,-105.10630204,39.58061081,14.07,10.72,1720.16943359375,91.3,-9.1453705,-0.8638153,-4.5798645,0.065326154,
Thu Jun 07 20:01:51 MDT 2018,07-Jun-2018 20:01:51.135,-105.10568324,39.58059398,9.67,10.72,1719.80615234375,106.8,-9.193222,2.0769653,4.919647,0.16050008,
Thu Jun 07 20:01:56 MDT 2018,07-Jun-2018 20:01:56.148,-105.10535333,39.57999497,18.49,10.72,1722.591064453125,165.8,-9.293716,3.9936218,-1.3423767,0.05917579,
Thu Jun 07 20:02:01 MDT 2018,07-Jun-2018 20:02:01.147,-105.1052096,39.57898963,23.49,9.648001,1723.17724609375,176.2,-9.595215,2.4933167,-0.13639832,0.04229821,
Thu Jun 07 20:02:06 MDT 2018,07-Jun-2018 20:02:06.150,-105.10537358,39.57793365,23.51,10.72,1723.956787109375,191.3,-10.136002,2.268402,-0.093322754,0.05231653,
Thu Jun 07 20:02:11 MDT 2018,07-Jun-2018 20:02:11.132,-105.10591073,39.57695732,24.33,11.792,1725.1396484375,206.9,-9.9062805,2.526825,-0.8949127,0.055759184,
Thu Jun 07 20:02:16 MDT 2018,07-Jun-2018 20:02:16.146,-105.106914,39.57604202,26.35,10.72,1722.30419921875,217.9,-9.255432,2.560318,-2.6775665,-0.07588921,
Thu Jun 07 20:02:21 MDT 2018,07-Jun-2018 20:02:21.111,-105.10784684,39.57505348,26.42,10.72,1721.6787109375,217.2,-11.325226,3.0867462,-2.2372894,1.2181094,
Thu Jun 07 20:02:26 MDT 2018,07-Jun-2018 20:02:26.147,-105.10882182,39.5741015,27.34,10.72,1720.43505859375,218.1,-9.726822,2.1942139,-2.8139648,0.052020658,
Thu Jun 07 20:02:31 MDT 2018,07-Jun-2018 20:02:31.148,-105.1096783,39.57316056,25.34,10.72,1722.2470703125,211.4,-8.961121,2.2348938,-3.2374878,0.042088848,
Thu Jun 07 20:02:36 MDT 2018,07-Jun-2018 20:02:36.148,-105.11017113,39.57219921,23.22,10.72,1724.078125,196.2,-10.820343,1.804184,-4.4362946,0.14404108,
Thu Jun 07 20:02:41 MDT 2018,07-Jun-2018 20:02:41.148,-105.11026515,39.57118449,21.65,9.648001,1720.40283203125,180.0,-9.315262,1.3495483,-2.6392822,0.015487254,
Thu Jun 07 20:02:46 MDT 2018,07-Jun-2018 20:02:46.139,-105.11026849,39.5703576,15.62,9.648001,1720.603515625,180.3,-9.119049,-0.55274963,-4.237686,0.05558874,
Thu Jun 07 20:02:51 MDT 2018,07-Jun-2018 20:02:51.123,-105.11025902,39.56990696,7.56,10.72,1722.655517578125,176.8,-9.722046,0.7657013,-3.270996,0.05211544,
Thu Jun 07 20:02:56 MDT 2018,07-Jun-2018 20:02:56.150,-105.11027881,39.56983738,0.6,11.792,1721.385498046875,169.2,-8.863022,2.3808594,-2.7637177,-0.004001975,
Thu Jun 07 20:03:01 MDT 2018,07-Jun-2018 20:03:01.138,-105.11028646,39.5698354,0.0,10.72,1722.8359375,0.0,-9.51387,2.3018951,-2.3521423,0.03413647,
Thu Jun 07 20:03:06 MDT 2018,07-Jun-2018 20:03:06.109,-105.11028673,39.56984299,0.0,9.648001,1721.727783203125,0.0,-9.403793,3.1680908,-2.1942139,0.059350338,
Thu Jun 07 20:03:11 MDT 2018,07-Jun-2018 20:03:11.139,-105.11023913,39.56961849,6.1,9.648001,1722.32958984375,152.7,-8.456238,3.6466675,-4.5296173,0.087242395,
Thu Jun 07 20:03:16 MDT 2018,07-Jun-2018 20:03:16.138,-105.10965732,39.56953599,11.33,10.72,1722.46875,93.9,-10.442276,2.4406738,-3.115448,0.054289695,
Thu Jun 07 20:03:21 MDT 2018,07-Jun-2018 20:03:21.143,-105.10871269,39.56950663,16.14,11.792,1722.053955078125,92.5,-9.255432,1.9884338,-2.835495,0.06170308,
Thu Jun 07 20:03:26 MDT 2018,07-Jun-2018 20:03:26.148,-105.10775011,39.56950223,16.42,10.72,1722.0,89.9,-9.456436,2.1176453,-2.4023895,0.03673607,
Thu Jun 07 20:03:31 MDT 2018,07-Jun-2018 20:03:31.139,-105.10668657,39.56943025,18.3,11.792,1718.49951171875,99.8,-9.829712,2.3808594,-1.9118652,0.029149255,
Thu Jun 07 20:03:36 MDT 2018,07-Jun-2018 20:03:36.130,-105.10570215,39.56906899,18.58,12.864,1715.2802734375,119.6,-9.829712,1.7539368,-2.2372894,0.024572806,
Thu Jun 07 20:03:41 MDT 2018,07-Jun-2018 20:03:41.150,-105.10492245,39.56851146,18.31,10.72,1716.82568359375,138.7,-9.221939,1.8975067,-1.6749725,0.020224214,
Thu Jun 07 20:03:46 MDT 2018,07-Jun-2018 20:03:46.109,-105.10445271,39.56778304,18.12,10.72,1713.876953125,156.1,-10.054642,2.3497467,-3.041275,0.039946444,
Thu Jun 07 20:03:51 MDT 2018,07-Jun-2018 20:03:51.139,-105.1039544,39.56706511,18.34,10.72,1713.447265625,146.5,-8.7960205,2.4957123,-3.7854462,0.036756072,
Thu Jun 07 20:03:56 MDT 2018,07-Jun-2018 20:03:56.146,-105.10322463,39.56646876,18.16,11.792,1714.11474609375,133.2,-9.324829,2.2372894,-4.1084747,0.0824576,
Thu Jun 07 20:04:01 MDT 2018,07-Jun-2018 20:04:01.109,-105.10228246,39.56618831,17.15,11.792,1714.480224609375,108.6,-9.281754,0.43070984,-5.38385,0.11368114,
Thu Jun 07 20:04:06 MDT 2018,07-Jun-2018 20:04:06.138,-105.10150054,39.56611918,11.25,11.792,1708.56640625,94.9,-10.011566,1.1102753,-1.6438751,0.050597407,
Thu Jun 07 20:04:11 MDT 2018,07-Jun-2018 20:04:11.149,-105.10136324,39.56600801,4.7,10.72,1709.637939453125,159.9,-9.12384,4.1036835,-1.907074,0.05716318,
Thu Jun 07 20:04:16 MDT 2018,07-Jun-2018 20:04:16.136,-105.10155721,39.56552606,11.68,11.792,1705.791748046875,192.6,-8.544769,3.2686005,-3.4002075,0.051924173,
Thu Jun 07 20:04:21 MDT 2018,07-Jun-2018 20:04:21.121,-105.10151255,39.56488745,14.91,10.72,1700.32666015625,178.2,-9.219543,1.6941223,-2.8330994,0.017233908,
Thu Jun 07 20:04:26 MDT 2018,07-Jun-2018 20:04:26.140,-105.10150589,39.56423162,14.41,10.72,1700.253662109375,180.4,-9.343979,2.1918182,-2.8450623,0.045672785,
Thu Jun 07 20:04:31 MDT 2018,07-Jun-2018 20:04:31.150,-105.10148617,39.56361198,14.13,10.72,1698.1328125,178.3,-9.317657,2.1583252,-2.6416779,0.033472795,
Thu Jun 07 20:04:36 MDT 2018,07-Jun-2018 20:04:36.109,-105.10142132,39.56299908,14.31,10.72,1691.74560546875,177.8,-9.233902,2.4717865,-2.560318,0.027761757,
Thu Jun 07 20:04:41 MDT 2018,07-Jun-2018 20:04:41.130,-105.10142571,39.56226886,15.18,11.792,1696.63427734375,178.6,-8.480164,1.6797638,-2.567505,-0.0056661465,
Thu Jun 07 20:04:46 MDT 2018,07-Jun-2018 20:04:46.114,-105.10140944,39.56165159,12.59,10.72,1690.9609375,177.8,-10.009171,0.071777344,-3.5724792,0.0778239,
Thu Jun 07 20:04:51 MDT 2018,07-Jun-2018 20:04:51.149,-105.10137348,39.56126153,5.14,9.648001,1691.962646484375,148.0,-8.252853,2.4215393,-6.644867,0.12691599,
Thu Jun 07 20:04:56 MDT 2018,07-Jun-2018 20:04:56.145,-105.10102073,39.56123375,7.39,9.648001,1692.504150390625,87.1,-9.353546,1.8424683,-1.701294,0.023395848,
Thu Jun 07 20:05:01 MDT 2018,07-Jun-2018 20:05:01.147,-105.10056971,39.56118532,7.67,10.72,1691.853515625,104.6,-9.611969,1.6438751,-1.8400879,0.030581772,
Thu Jun 07 20:05:06 MDT 2018,07-Jun-2018 20:05:06.142,-105.10011608,39.56097901,8.56,11.792,1693.534423828125,125.3,-9.664612,1.3591309,-1.7826538,0.04942883,
Thu Jun 07 20:05:11 MDT 2018,07-Jun-2018 20:05:11.133,-105.09986322,39.56061405,8.49,10.72,1694.577880859375,150.4,-9.619141,1.4907227,-1.5194397,0.055312335,
Thu Jun 07 20:05:16 MDT 2018,07-Jun-2018 20:05:16.149,-105.09976515,39.56027781,7.85,9.648001,1697.732421875,173.8,-9.67897,2.148758,-1.9381866,0.048794687,
Thu Jun 07 20:05:21 MDT 2018,07-Jun-2018 20:05:21.139,-105.09970961,39.55990535,7.93,9.648001,1696.86669921875,173.1,-9.272186,2.005188,-2.9120636,0.04038977,
Thu Jun 07 20:05:26 MDT 2018,07-Jun-2018 20:05:26.126,-105.0996104,39.55960833,6.63,10.72,1695.180419921875,156.6,-9.174088,0.32781982,-4.0917206,0.04854212,
Thu Jun 07 20:05:31 MDT 2018,07-Jun-2018 20:05:31.130,-105.09949867,39.55941802,3.1,10.72,1695.421875,162.7,-8.810379,1.2251282,-4.5009003,0.02528052,
Thu Jun 07 20:05:36 MDT 2018,07-Jun-2018 20:05:36.147,-105.09948485,39.55938784,0.59,11.792,1696.815673828125,154.9,-9.676575,1.277771,-2.5387878,0.04235854,
Thu Jun 07 20:05:41 MDT 2018,07-Jun-2018 20:05:41.145,-105.09950047,39.559417,0.0,5.36,1694.73876953125,0.0,-2.4933167,4.065399,8.922836,0.07041316,
Thu Jun 07 20:05:46 MDT 2018,07-Jun-2018 20:05:46.138,-105.09951381,39.55942681,0.0,3.216,1693.57421875,0.0,-1.1820526,4.4697876,8.6979065,0.042642154,
Thu Jun 07 20:05:51 MDT 2018,07-Jun-2018 20:05:51.107,-105.09949798,39.5594212,0.0,3.216,1693.735107421875,0.0,-3.349945,4.5679016,8.382065,0.04497403,
Thu Jun 07 20:05:56 MDT 2018,07-Jun-2018 20:05:56.120,-105.09949668,39.55942133,0.0,3.216,1693.658203125,0.0,-1.4931183,4.261612,8.999405,0.04537767,
